"rate_regime","observations","avg_jnj_return","avg_spx_return","avg_jnj_minus_spx"
"No Change","38","0.01393346551516737268","0.01754802548661251375","-0.00361455997144514107"
"Rate Cut","24","0.01050541128929076240","0.00617843522424499187","0.00432697606504577053"
"Rate Hike","57","0.00419991258727547609","0.00800562602825193093","-0.00380571344097645484"
